Datetime,Water Level (m)
2025-04-07 00:00:00,-0.8357474
2025-04-07 01:00:00,-0.5730715
2025-04-07 02:00:00,-0.24297753
2025-04-07 03:00:00,0.057177406
2025-04-07 04:00:00,0.31907713
2025-04-07 05:00:00,0.47950035
2025-04-07 06:00:00,0.45448136
2025-04-07 07:00:00,0.2438257
2025-04-07 08:00:00,-0.08928728
2025-04-07 09:00:00,-0.41352153
2025-04-07 10:00:00,-0.7026487
2025-04-07 11:00:00,-0.80996996
2025-04-07 12:00:00,-0.64233625
2025-04-07 13:00:00,-0.33022118
2025-04-07 14:00:00,0.022401562
2025-04-07 15:00:00,0.38401833
2025-04-07 16:00:00,0.70891076
2025-04-07 17:00:00,0.89051723
2025-04-07 18:00:00,0.8619623
2025-04-07 19:00:00,0.5941426
2025-04-07 20:00:00,0.19459565
2025-04-07 21:00:00,-0.25660288
2025-04-07 22:00:00,-0.7023987
2025-04-07 23:00:00,-1.0660794
2025-04-08 00:00:00,-1.1981978
2025-04-08 01:00:00,-0.9315175
2025-04-08 02:00:00,-0.5734824
2025-04-08 03:00:00,-0.16171634
2025-04-08 04:00:00,0.20192765
2025-04-08 05:00:00,0.5102249
2025-04-08 06:00:00,0.69828635
2025-04-08 07:00:00,0.65626454
2025-04-08 08:00:00,0.39818457
2025-04-08 09:00:00,0.014347707
2025-04-08 10:00:00,-0.3997385
2025-04-08 11:00:00,-0.7719221
2025-04-08 12:00:00,-0.98805064
2025-04-08 13:00:00,-0.7733701
2025-04-08 14:00:00,-0.37464935
2025-04-08 15:00:00,0.04121695
2025-04-08 16:00:00,0.42675078
2025-04-08 17:00:00,0.78870255
2025-04-08 18:00:00,0.9897362
2025-04-08 19:00:00,0.93727344
2025-04-08 20:00:00,0.6305918
2025-04-08 21:00:00,0.18541217
2025-04-08 22:00:00,-0.30566582
2025-04-08 23:00:00,-0.7805322
2025-04-09 00:00:00,-1.1735003
2025-04-09 01:00:00,-1.2494186
2025-04-09 02:00:00,-0.86338663
2025-04-09 03:00:00,-0.42980397
2025-04-09 04:00:00,0.02622802
2025-04-09 05:00:00,0.39236692
2025-04-09 06:00:00,0.7203341
2025-04-09 07:00:00,0.86133265
2025-04-09 08:00:00,0.73227394
2025-04-09 09:00:00,0.38576275
2025-04-09 10:00:00,-0.060066294
2025-04-09 11:00:00,-0.5319214
2025-04-09 12:00:00,-0.9294226
2025-04-09 13:00:00,-1.105107
2025-04-09 14:00:00,-0.7164596
2025-04-09 15:00:00,-0.27522948
2025-04-09 16:00:00,0.16336092
2025-04-09 17:00:00,0.56236523
2025-04-09 18:00:00,0.9136122
2025-04-09 19:00:00,1.067725
2025-04-09 20:00:00,0.92598987
2025-04-09 21:00:00,0.54638773
2025-04-09 22:00:00,0.07806048
2025-04-09 23:00:00,-0.44788224
2025-04-10 00:00:00,-0.9266072
2025-04-10 01:00:00,-1.2587402
2025-04-10 02:00:00,-1.0231465
2025-04-10 03:00:00,-0.5405356
2025-04-10 04:00:00,-0.045634333
2025-04-10 05:00:00,0.3839527
2025-04-10 06:00:00,0.78734237
2025-04-10 07:00:00,1.0525457
2025-04-10 08:00:00,1.044647
2025-04-10 09:00:00,0.75545025
2025-04-10 10:00:00,0.30588937
2025-04-10 11:00:00,-0.19488987
2025-04-10 12:00:00,-0.69206715
2025-04-10 13:00:00,-1.0532371
2025-04-10 14:00:00,-0.9465429
2025-04-10 15:00:00,-0.45618197
2025-04-10 16:00:00,0.02734846
2025-04-10 17:00:00,0.4656797
2025-04-10 18:00:00,0.8827378
2025-04-10 19:00:00,1.1761007
2025-04-10 20:00:00,1.1867282
2025-04-10 21:00:00,0.89742744
2025-04-10 22:00:00,0.4266687
2025-04-10 23:00:00,-0.10127891
2025-04-11 00:00:00,-0.63597506
2025-04-11 01:00:00,-1.0996947
2025-04-11 02:00:00,-1.2043179
2025-04-11 03:00:00,-0.68018824
2025-04-11 04:00:00,-0.18176353
2025-04-11 05:00:00,0.3211776
2025-04-11 06:00:00,0.7772914
2025-04-11 07:00:00,1.122477
2025-04-11 08:00:00,1.2652856
2025-04-11 09:00:00,1.0770317
2025-04-11 10:00:00,0.6544954
2025-04-11 11:00:00,0.15111487
2025-04-11 12:00:00,-0.39271954
2025-04-11 13:00:00,-0.8653855
2025-04-11 14:00:00,-1.123196
2025-04-11 15:00:00,-0.6926631
2025-04-11 16:00:00,-0.20138517
2025-04-11 17:00:00,0.28395593
2025-04-11 18:00:00,0.74228317
2025-04-11 19:00:00,1.1052389
2025-04-11 20:00:00,1.2839369
2025-04-11 21:00:00,1.1163948
2025-04-11 22:00:00,0.7107587
2025-04-11 23:00:00,0.20293595
2025-04-12 00:00:00,-0.35532042
2025-04-12 01:00:00,-0.8740162
2025-04-12 02:00:00,-1.2312768
2025-04-12 03:00:00,-0.91298616
2025-04-12 04:00:00,-0.36677313
2025-04-12 05:00:00,0.16525927
2025-04-12 06:00:00,0.6113294
2025-04-12 07:00:00,1.0575697
2025-04-12 08:00:00,1.3141505
2025-04-12 09:00:00,1.2726457
2025-04-12 10:00:00,0.93696827
2025-04-12 11:00:00,0.42680618
2025-04-12 12:00:00,-0.108049996
2025-04-12 13:00:00,-0.6415878
2025-04-12 14:00:00,-1.0803125
2025-04-12 15:00:00,-1.0087696
2025-04-12 16:00:00,-0.4614222
2025-04-12 17:00:00,0.049482472
2025-04-12 18:00:00,0.5145564
2025-04-12 19:00:00,0.9664435
2025-04-12 20:00:00,1.2410915
2025-04-12 21:00:00,1.2307034
2025-04-12 22:00:00,0.9053568
2025-04-12 23:00:00,0.40882888
2025-04-13 00:00:00,-0.1555828
